"filename", "language", "JSON", "XML", "UnityShader", "C#", "Markdown", "comment", "blank", "total"
"d:\Projects\Unity\kpp\Assets\Plugins\Facepunch.Steamworks\Facepunch.Steamworks.Posix.xml", "XML", 0, 4242, 0, 0, 0, 0, 42, 4284
"d:\Projects\Unity\kpp\Assets\Plugins\Facepunch.Steamworks\Facepunch.Steamworks.Win32.xml", "XML", 0, 4242, 0, 0, 0, 0, 42, 4284
"d:\Projects\Unity\kpp\Assets\Plugins\Facepunch.Steamworks\Facepunch.Steamworks.Win64.xml", "XML", 0, 4242, 0, 0, 0, 0, 42, 4284
"d:\Projects\Unity\kpp\Assets\Plugins\PurrNetFacepunchTransport\Core\BidirectionalDictionary.cs", "C#", 0, 0, 0, 74, 0, 0, 23, 97
"d:\Projects\Unity\kpp\Assets\Plugins\PurrNetFacepunchTransport\Core\ByteArrayPool.cs", "C#", 0, 0, 0, 35, 0, 4, 7, 46
"d:\Projects\Unity\kpp\Assets\Plugins\PurrNetFacepunchTransport\Core\ClientHostSocket.cs", "C#", 0, 0, 0, 109, 0, 0, 25, 134
"d:\Projects\Unity\kpp\Assets\Plugins\PurrNetFacepunchTransport\Core\ClientSocket.cs", "C#", 0, 0, 0, 163, 0, 0, 39, 202
"d:\Projects\Unity\kpp\Assets\Plugins\PurrNetFacepunchTransport\Core\CommonSocket.cs", "C#", 0, 0, 0, 74, 0, 0, 23, 97
"d:\Projects\Unity\kpp\Assets\Plugins\PurrNetFacepunchTransport\Core\FacepunchConnectionManager.cs", "C#", 0, 0, 0, 13, 0, 0, 2, 15
"d:\Projects\Unity\kpp\Assets\Plugins\PurrNetFacepunchTransport\Core\FacepunchSocketManager.cs", "C#", 0, 0, 0, 14, 0, 0, 2, 16
"d:\Projects\Unity\kpp\Assets\Plugins\PurrNetFacepunchTransport\Core\LocalPacket.cs", "C#", 0, 0, 0, 22, 0, 0, 4, 26
"d:\Projects\Unity\kpp\Assets\Plugins\PurrNetFacepunchTransport\Core\NetworkConstants.cs", "C#", 0, 0, 0, 12, 0, 0, 1, 13
"d:\Projects\Unity\kpp\Assets\Plugins\PurrNetFacepunchTransport\Core\ServerSocket.cs", "C#", 0, 0, 0, 250, 0, 2, 54, 306
"d:\Projects\Unity\kpp\Assets\Plugins\PurrNetFacepunchTransport\FacepunchTransport.cs", "C#", 0, 0, 0, 242, 0, 4, 71, 317
"d:\Projects\Unity\kpp\Assets\Plugins\PurrNetFacepunchTransport\README.md", "Markdown", 0, 0, 0, 0, 17, 0, 3, 20
"d:\Projects\Unity\kpp\Assets\Plugins\UniTask\Editor\SplitterGUILayout.cs", "C#", 0, 0, 0, 50, 0, 1, 12, 63
"d:\Projects\Unity\kpp\Assets\Plugins\UniTask\Editor\UniTask.Editor.asmdef", "JSON", 17, 0, 0, 0, 0, 0, 0, 17
"d:\Projects\Unity\kpp\Assets\Plugins\UniTask\Editor\UniTaskTrackerTreeView.cs", "C#", 0, 0, 0, 157, 0, 0, 30, 187
"d:\Projects\Unity\kpp\Assets\Plugins\UniTask\Editor\UniTaskTrackerWindow.cs", "C#", 0, 0, 0, 164, 0, 6, 40, 210
"d:\Projects\Unity\kpp\Assets\Plugins\UniTask\Runtime\AsyncLazy.cs", "C#", 0, 0, 0, 214, 0, 0, 32, 246
"d:\Projects\Unity\kpp\Assets\Plugins\UniTask\Runtime\AsyncReactiveProperty.cs", "C#", 0, 0, 0, 518, 0, 8, 118, 644
"d:\Projects\Unity\kpp\Assets\Plugins\UniTask\Runtime\AsyncUnit.cs", "C#", 0, 0, 0, 21, 0, 0, 6, 27
"d:\Projects\Unity\kpp\Assets\Plugins\UniTask\Runtime\CancellationTokenEqualityComparer.cs", "C#", 0, 0, 0, 18, 0, 0, 6, 24
"d:\Projects\Unity\kpp\Assets\Plugins\UniTask\Runtime\CancellationTokenExtensions.cs", "C#", 0, 0, 0, 152, 0, 0, 31, 183
"d:\Projects\Unity\kpp\Assets\Plugins\UniTask\Runtime\CancellationTokenSourceExtensions.cs", "C#", 0, 0, 0, 35, 0, 0, 10, 45
"d:\Projects\Unity\kpp\Assets\Plugins\UniTask\Runtime\Channel.cs", "C#", 0, 0, 0, 377, 0, 1, 72, 450
"d:\Projects\Unity\kpp\Assets\Plugins\UniTask\Runtime\CompilerServices\AsyncMethodBuilderAttribute.cs", "C#", 0, 0, 0, 13, 0, 0, 5, 18
"d:\Projects\Unity\kpp\Assets\Plugins\UniTask\Runtime\CompilerServices\AsyncUniTaskMethodBuilder.cs", "C#", 0, 0, 0, 222, 0, 20, 27, 269
"d:\Projects\Unity\kpp\Assets\Plugins\UniTask\Runtime\CompilerServices\AsyncUniTaskVoidMethodBuilder.cs", "C#", 0, 0, 0, 107, 0, 14, 17, 138
"d:\Projects\Unity\kpp\Assets\Plugins\UniTask\Runtime\CompilerServices\StateMachineRunner.cs", "C#", 0, 0, 0, 310, 0, 8, 63, 381
"d:\Projects\Unity\kpp\Assets\Plugins\UniTask\Runtime\EnumerableAsyncExtensions.cs", "C#", 0, 0, 0, 25, 0, 1, 9, 35
"d:\Projects\Unity\kpp\Assets\Plugins\UniTask\Runtime\EnumeratorAsyncExtensions.cs", "C#", 0, 0, 0, 245, 0, 5, 37, 287
"d:\Projects\Unity\kpp\Assets\Plugins\UniTask\Runtime\ExceptionExtensions.cs", "C#", 0, 0, 0, 11, 0, 0, 4, 15
"d:\Projects\Unity\kpp\Assets\Plugins\UniTask\Runtime\External\Addressables\AddressablesAsyncExtensions.cs", "C#", 0, 0, 0, 404, 0, 2, 77, 483
"d:\Projects\Unity\kpp\Assets\Plugins\UniTask\Runtime\External\Addressables\UniTask.Addressables.asmdef", "JSON", 28, 0, 0, 0, 0, 0, 1, 29
"d:\Projects\Unity\kpp\Assets\Plugins\UniTask\Runtime\External\DOTween\DOTweenAsyncExtensions.cs", "C#", 0, 0, 0, 371, 0, 4, 62, 437
"d:\Projects\Unity\kpp\Assets\Plugins\UniTask\Runtime\External\DOTween\UniTask.DOTween.asmdef", "JSON", 22, 0, 0, 0, 0, 0, 0, 22
"d:\Projects\Unity\kpp\Assets\Plugins\UniTask\Runtime\External\TextMeshPro\TextMeshProAsyncExtensions.InputField.cs", "C#", 0, 0, 0, 179, 0, 0, 45, 224
"d:\Projects\Unity\kpp\Assets\Plugins\UniTask\Runtime\External\TextMeshPro\TextMeshProAsyncExtensions.cs", "C#", 0, 0, 0, 112, 0, 2, 16, 130
"d:\Projects\Unity\kpp\Assets\Plugins\UniTask\Runtime\External\TextMeshPro\UniTask.TextMeshPro.asmdef", "JSON", 27, 0, 0, 0, 0, 0, 1, 28
"d:\Projects\Unity\kpp\Assets\Plugins\UniTask\Runtime\IUniTaskAsyncEnumerable.cs", "C#", 0, 0, 0, 70, 0, 5, 16, 91
"d:\Projects\Unity\kpp\Assets\Plugins\UniTask\Runtime\IUniTaskSource.cs", "C#", 0, 0, 0, 93, 0, 11, 24, 128
"d:\Projects\Unity\kpp\Assets\Plugins\UniTask\Runtime\Internal\ArrayPool.cs", "C#", 0, 0, 0, 126, 0, 3, 22, 151
"d:\Projects\Unity\kpp\Assets\Plugins\UniTask\Runtime\Internal\ArrayPoolUtil.cs", "C#", 0, 0, 0, 97, 0, 0, 19, 116
"d:\Projects\Unity\kpp\Assets\Plugins\UniTask\Runtime\Internal\ArrayUtil.cs", "C#", 0, 0, 0, 59, 0, 4, 11, 74
"d:\Projects\Unity\kpp\Assets\Plugins\UniTask\Runtime\Internal\ContinuationQueue.cs", "C#", 0, 0, 0, 196, 0, 4, 26, 226
"d:\Projects\Unity\kpp\Assets\Plugins\UniTask\Runtime\Internal\DiagnosticsExtensions.cs", "C#", 0, 0, 0, 211, 0, 7, 32, 250
"d:\Projects\Unity\kpp\Assets\Plugins\UniTask\Runtime\Internal\Error.cs", "C#", 0, 0, 0, 66, 0, 0, 14, 80
"d:\Projects\Unity\kpp\Assets\Plugins\UniTask\Runtime\Internal\MinimumQueue.cs", "C#", 0, 0, 0, 96, 0, 1, 15, 112
"d:\Projects\Unity\kpp\Assets\Plugins\UniTask\Runtime\Internal\PlayerLoopRunner.cs", "C#", 0, 0, 0, 231, 0, 5, 25, 261
"d:\Projects\Unity\kpp\Assets\Plugins\UniTask\Runtime\Internal\PooledDelegate.cs", "C#", 0, 0, 0, 42, 0, 0, 8, 50
"d:\Projects\Unity\kpp\Assets\Plugins\UniTask\Runtime\Internal\RuntimeHelpersAbstraction.cs", "C#", 0, 0, 0, 48, 0, 4, 13, 65
"d:\Projects\Unity\kpp\Assets\Plugins\UniTask\Runtime\Internal\StatePool.cs", "C#", 0, 0, 0, 129, 0, 0, 25, 154
"d:\Projects\Unity\kpp\Assets\Plugins\UniTask\Runtime\Internal\TaskTracker.cs", "C#", 0, 0, 0, 147, 0, 9, 23, 179
"d:\Projects\Unity\kpp\Assets\Plugins\UniTask\Runtime\Internal\UnityEqualityComparer.cs", "C#", 0, 0, 0, 224, 0, 0, 44, 268
"d:\Projects\Unity\kpp\Assets\Plugins\UniTask\Runtime\Internal\UnityWebRequestExtensions.cs", "C#", 0, 0, 0, 25, 0, 0, 3, 28
"d:\Projects\Unity\kpp\Assets\Plugins\UniTask\Runtime\Internal\ValueStopwatch.cs", "C#", 0, 0, 0, 29, 0, 0, 8, 37
"d:\Projects\Unity\kpp\Assets\Plugins\UniTask\Runtime\Internal\WeakDictionary.cs", "C#", 0, 0, 0, 290, 0, 9, 36, 335
"d:\Projects\Unity\kpp\Assets\Plugins\UniTask\Runtime\Linq\Aggregate.cs", "C#", 0, 0, 0, 274, 0, 2, 42, 318
"d:\Projects\Unity\kpp\Assets\Plugins\UniTask\Runtime\Linq\All.cs", "C#", 0, 0, 0, 96, 0, 0, 12, 108
"d:\Projects\Unity\kpp\Assets\Plugins\UniTask\Runtime\Linq\Any.cs", "C#", 0, 0, 0, 120, 0, 0, 16, 136
"d:\Projects\Unity\kpp\Assets\Plugins\UniTask\Runtime\Linq\AppendPrepend.cs", "C#", 0, 0, 0, 125, 0, 0, 27, 152
"d:\Projects\Unity\kpp\Assets\Plugins\UniTask\Runtime\Linq\AsUniTaskAsyncEnumerable.cs", "C#", 0, 0, 0, 10, 0, 0, 1, 11
"d:\Projects\Unity\kpp\Assets\Plugins\UniTask\Runtime\Linq\AsyncEnumeratorBase.cs", "C#", 0, 0, 0, 297, 0, 13, 46, 356
"d:\Projects\Unity\kpp\Assets\Plugins\UniTask\Runtime\Linq\Average.cs", "C#", 0, 0, 0, 1322, 0, 0, 203, 1525
"d:\Projects\Unity\kpp\Assets\Plugins\UniTask\Runtime\Linq\Buffer.cs", "C#", 0, 0, 0, 299, 0, 0, 46, 345
"d:\Projects\Unity\kpp\Assets\Plugins\UniTask\Runtime\Linq\Cast.cs", "C#", 0, 0, 0, 44, 0, 0, 9, 53
"d:\Projects\Unity\kpp\Assets\Plugins\UniTask\Runtime\Linq\CombineLatest.cs", "C#", 0, 0, 0, 10467, 0, 0, 905, 11372
"d:\Projects\Unity\kpp\Assets\Plugins\UniTask\Runtime\Linq\Concat.cs", "C#", 0, 0, 0, 139, 0, 0, 25, 164
"d:\Projects\Unity\kpp\Assets\Plugins\UniTask\Runtime\Linq\Contains.cs", "C#", 0, 0, 0, 45, 0, 0, 5, 50
"d:\Projects\Unity\kpp\Assets\Plugins\UniTask\Runtime\Linq\Count.cs", "C#", 0, 0, 0, 124, 0, 0, 20, 144
"d:\Projects\Unity\kpp\Assets\Plugins\UniTask\Runtime\Linq\Create.cs", "C#", 0, 0, 0, 157, 0, 0, 28, 185
"d:\Projects\Unity\kpp\Assets\Plugins\UniTask\Runtime\Linq\DefaultIfEmpty.cs", "C#", 0, 0, 0, 116, 0, 0, 27, 143
"d:\Projects\Unity\kpp\Assets\Plugins\UniTask\Runtime\Linq\Distinct.cs", "C#", 0, 0, 0, 233, 0, 0, 44, 277
"d:\Projects\Unity\kpp\Assets\Plugins\UniTask\Runtime\Linq\DistinctUntilChanged.cs", "C#", 0, 0, 0, 598, 0, 0, 64, 662
"d:\Projects\Unity\kpp\Assets\Plugins\UniTask\Runtime\Linq\Do.cs", "C#", 0, 0, 0, 185, 0, 33, 41, 259
"d:\Projects\Unity\kpp\Assets\Plugins\UniTask\Runtime\Linq\ElementAt.cs", "C#", 0, 0, 0, 52, 0, 0, 6, 58
"d:\Projects\Unity\kpp\Assets\Plugins\UniTask\Runtime\Linq\Empty.cs", "C#", 0, 0, 0, 38, 0, 0, 9, 47
"d:\Projects\Unity\kpp\Assets\Plugins\UniTask\Runtime\Linq\Except.cs", "C#", 0, 0, 0, 97, 0, 0, 19, 116
"d:\Projects\Unity\kpp\Assets\Plugins\UniTask\Runtime\Linq\First.cs", "C#", 0, 0, 0, 177, 0, 0, 23, 200
"d:\Projects\Unity\kpp\Assets\Plugins\UniTask\Runtime\Linq\ForEach.cs", "C#", 0, 0, 0, 171, 0, 2, 20, 193
"d:\Projects\Unity\kpp\Assets\Plugins\UniTask\Runtime\Linq\GroupBy.cs", "C#", 0, 0, 0, 808, 0, 3, 112, 923
"d:\Projects\Unity\kpp\Assets\Plugins\UniTask\Runtime\Linq\GroupJoin.cs", "C#", 0, 0, 0, 537, 0, 0, 75, 612
"d:\Projects\Unity\kpp\Assets\Plugins\UniTask\Runtime\Linq\Intersect.cs", "C#", 0, 0, 0, 97, 0, 0, 20, 117
"d:\Projects\Unity\kpp\Assets\Plugins\UniTask\Runtime\Linq\Join.cs", "C#", 0, 0, 0, 636, 0, 0, 92, 728
"d:\Projects\Unity\kpp\Assets\Plugins\UniTask\Runtime\Linq\Last.cs", "C#", 0, 0, 0, 213, 0, 0, 27, 240
"d:\Projects\Unity\kpp\Assets\Plugins\UniTask\Runtime\Linq\LongCount.cs", "C#", 0, 0, 0, 124, 0, 0, 20, 144
"d:\Projects\Unity\kpp\Assets\Plugins\UniTask\Runtime\Linq\Max.cs", "C#", 0, 0, 0, 164, 0, 0, 36, 200
"d:\Projects\Unity\kpp\Assets\Plugins\UniTask\Runtime\Linq\Merge.cs", "C#", 0, 0, 0, 209, 0, 0, 25, 234
"d:\Projects\Unity\kpp\Assets\Plugins\UniTask\Runtime\Linq\Min.cs", "C#", 0, 0, 0, 164, 0, 0, 36, 200
"d:\Projects\Unity\kpp\Assets\Plugins\UniTask\Runtime\Linq\MinMax.cs", "C#", 0, 0, 0, 3038, 0, 0, 726, 3764
"d:\Projects\Unity\kpp\Assets\Plugins\UniTask\Runtime\Linq\Never.cs", "C#", 0, 0, 0, 45, 0, 0, 11, 56
"d:\Projects\Unity\kpp\Assets\Plugins\UniTask\Runtime\Linq\OfType.cs", "C#", 0, 0, 0, 52, 0, 0, 9, 61
"d:\Projects\Unity\kpp\Assets\Plugins\UniTask\Runtime\Linq\OrderBy.cs", "C#", 0, 0, 0, 461, 0, 1, 96, 558
"d:\Projects\Unity\kpp\Assets\Plugins\UniTask\Runtime\Linq\Pairwise.cs", "C#", 0, 0, 0, 110, 0, 0, 18, 128
"d:\Projects\Unity\kpp\Assets\Plugins\UniTask\Runtime\Linq\Publish.cs", "C#", 0, 0, 0, 142, 0, 0, 31, 173
"d:\Projects\Unity\kpp\Assets\Plugins\UniTask\Runtime\Linq\Queue.cs", "C#", 0, 0, 0, 87, 0, 0, 16, 103
"d:\Projects\Unity\kpp\Assets\Plugins\UniTask\Runtime\Linq\Range.cs", "C#", 0, 0, 0, 59, 0, 0, 16, 75
"d:\Projects\Unity\kpp\Assets\Plugins\UniTask\Runtime\Linq\Repeat.cs", "C#", 0, 0, 0, 55, 0, 0, 13, 68
"d:\Projects\Unity\kpp\Assets\Plugins\UniTask\Runtime\Linq\Return.cs", "C#", 0, 0, 0, 51, 0, 0, 12, 63
"d:\Projects\Unity\kpp\Assets\Plugins\UniTask\Runtime\Linq\Reverse.cs", "C#", 0, 0, 0, 65, 0, 1, 12, 78
"d:\Projects\Unity\kpp\Assets\Plugins\UniTask\Runtime\Linq\Select.cs", "C#", 0, 0, 0, 670, 0, 0, 90, 760
"d:\Projects\Unity\kpp\Assets\Plugins\UniTask\Runtime\Linq\SelectMany.cs", "C#", 0, 0, 0, 765, 0, 11, 116, 892
"d:\Projects\Unity\kpp\Assets\Plugins\UniTask\Runtime\Linq\SequenceEqual.cs", "C#", 0, 0, 0, 81, 0, 2, 4, 87
"d:\Projects\Unity\kpp\Assets\Plugins\UniTask\Runtime\Linq\Single.cs", "C#", 0, 0, 0, 203, 0, 0, 27, 230
"d:\Projects\Unity\kpp\Assets\Plugins\UniTask\Runtime\Linq\Skip.cs", "C#", 0, 0, 0, 60, 0, 0, 9, 69
"d:\Projects\Unity\kpp\Assets\Plugins\UniTask\Runtime\Linq\SkipLast.cs", "C#", 0, 0, 0, 134, 0, 1, 24, 159
"d:\Projects\Unity\kpp\Assets\Plugins\UniTask\Runtime\Linq\SkipUntil.cs", "C#", 0, 0, 0, 164, 0, 0, 23, 187
"d:\Projects\Unity\kpp\Assets\Plugins\UniTask\Runtime\Linq\SkipUntilCanceled.cs", "C#", 0, 0, 0, 155, 0, 0, 18, 173
"d:\Projects\Unity\kpp\Assets\Plugins\UniTask\Runtime\Linq\SkipWhile.cs", "C#", 0, 0, 0, 315, 0, 0, 64, 379
"d:\Projects\Unity\kpp\Assets\Plugins\UniTask\Runtime\Linq\Subscribe.cs", "C#", 0, 0, 0, 450, 0, 4, 82, 536
"d:\Projects\Unity\kpp\Assets\Plugins\UniTask\Runtime\Linq\Sum.cs", "C#", 0, 0, 0, 1042, 0, 0, 203, 1245
"d:\Projects\Unity\kpp\Assets\Plugins\UniTask\Runtime\Linq\Take.cs", "C#", 0, 0, 0, 106, 0, 0, 18, 124
"d:\Projects\Unity\kpp\Assets\Plugins\UniTask\Runtime\Linq\TakeLast.cs", "C#", 0, 0, 0, 150, 0, 1, 24, 175
"d:\Projects\Unity\kpp\Assets\Plugins\UniTask\Runtime\Linq\TakeUntil.cs", "C#", 0, 0, 0, 164, 0, 0, 26, 190
"d:\Projects\Unity\kpp\Assets\Plugins\UniTask\Runtime\Linq\TakeUntilCanceled.cs", "C#", 0, 0, 0, 142, 0, 0, 22, 164
"d:\Projects\Unity\kpp\Assets\Plugins\UniTask\Runtime\Linq\TakeWhile.cs", "C#", 0, 0, 0, 286, 0, 0, 56, 342
"d:\Projects\Unity\kpp\Assets\Plugins\UniTask\Runtime\Linq\Throw.cs", "C#", 0, 0, 0, 45, 0, 0, 9, 54
"d:\Projects\Unity\kpp\Assets\Plugins\UniTask\Runtime\Linq\ToArray.cs", "C#", 0, 0, 0, 53, 0, 0, 7, 60
"d:\Projects\Unity\kpp\Assets\Plugins\UniTask\Runtime\Linq\ToDictionary.cs", "C#", 0, 0, 0, 232, 0, 2, 44, 278
"d:\Projects\Unity\kpp\Assets\Plugins\UniTask\Runtime\Linq\ToHashSet.cs", "C#", 0, 0, 0, 43, 0, 0, 7, 50
"d:\Projects\Unity\kpp\Assets\Plugins\UniTask\Runtime\Linq\ToList.cs", "C#", 0, 0, 0, 37, 0, 0, 5, 42
"d:\Projects\Unity\kpp\Assets\Plugins\UniTask\Runtime\Linq\ToLookup.cs", "C#", 0, 0, 0, 452, 0, 4, 98, 554
"d:\Projects\Unity\kpp\Assets\Plugins\UniTask\Runtime\Linq\ToObservable.cs", "C#", 0, 0, 0, 80, 0, 2, 15, 97
"d:\Projects\Unity\kpp\Assets\Plugins\UniTask\Runtime\Linq\ToUniTaskAsyncEnumerable.cs", "C#", 0, 0, 0, 282, 0, 0, 834, 1116
"d:\Projects\Unity\kpp\Assets\Plugins\UniTask\Runtime\Linq\UniTask.Linq.asmdef", "JSON", 15, 0, 0, 0, 0, 0, 0, 15
"d:\Projects\Unity\kpp\Assets\Plugins\UniTask\Runtime\Linq\Union.cs", "C#", 0, 0, 0, 21, 0, 1, 4, 26
"d:\Projects\Unity\kpp\Assets\Plugins\UniTask\Runtime\Linq\UnityExtensions\EveryUpdate.cs", "C#", 0, 0, 0, 83, 0, 0, 17, 100
"d:\Projects\Unity\kpp\Assets\Plugins\UniTask\Runtime\Linq\UnityExtensions\EveryValueChanged.cs", "C#", 0, 0, 0, 253, 0, 0, 39, 292
"d:\Projects\Unity\kpp\Assets\Plugins\UniTask\Runtime\Linq\UnityExtensions\Timer.cs", "C#", 0, 0, 0, 300, 0, 5, 50, 355
"d:\Projects\Unity\kpp\Assets\Plugins\UniTask\Runtime\Linq\Where.cs", "C#", 0, 0, 0, 724, 0, 0, 94, 818
"d:\Projects\Unity\kpp\Assets\Plugins\UniTask\Runtime\Linq\Zip.cs", "C#", 0, 0, 0, 462, 0, 0, 79, 541
"d:\Projects\Unity\kpp\Assets\Plugins\UniTask\Runtime\MoveNextSource.cs", "C#", 0, 0, 0, 55, 0, 0, 9, 64
"d:\Projects\Unity\kpp\Assets\Plugins\UniTask\Runtime\PlayerLoopHelper.cs", "C#", 0, 0, 0, 441, 0, 36, 105, 582
"d:\Projects\Unity\kpp\Assets\Plugins\UniTask\Runtime\PlayerLoopTimer.cs", "C#", 0, 0, 0, 215, 0, 10, 38, 263
"d:\Projects\Unity\kpp\Assets\Plugins\UniTask\Runtime\Progress.cs", "C#", 0, 0, 0, 71, 0, 3, 13, 87
"d:\Projects\Unity\kpp\Assets\Plugins\UniTask\Runtime\TaskPool.cs", "C#", 0, 0, 0, 106, 0, 3, 14, 123
"d:\Projects\Unity\kpp\Assets\Plugins\UniTask\Runtime\TimeoutController.cs", "C#", 0, 0, 0, 100, 0, 10, 19, 129
"d:\Projects\Unity\kpp\Assets\Plugins\UniTask\Runtime\TriggerEvent.cs", "C#", 0, 0, 0, 248, 0, 10, 34, 292
"d:\Projects\Unity\kpp\Assets\Plugins\UniTask\Runtime\Triggers\AsyncAwakeTrigger.cs", "C#", 0, 0, 0, 26, 0, 0, 7, 33
"d:\Projects\Unity\kpp\Assets\Plugins\UniTask\Runtime\Triggers\AsyncDestroyTrigger.cs", "C#", 0, 0, 0, 78, 0, 1, 17, 96
"d:\Projects\Unity\kpp\Assets\Plugins\UniTask\Runtime\Triggers\AsyncStartTrigger.cs", "C#", 0, 0, 0, 31, 0, 0, 7, 38
"d:\Projects\Unity\kpp\Assets\Plugins\UniTask\Runtime\Triggers\AsyncTriggerBase.cs", "C#", 0, 0, 0, 250, 0, 0, 60, 310
"d:\Projects\Unity\kpp\Assets\Plugins\UniTask\Runtime\Triggers\AsyncTriggerExtensions.cs", "C#", 0, 0, 0, 77, 0, 7, 19, 103
"d:\Projects\Unity\kpp\Assets\Plugins\UniTask\Runtime\Triggers\MonoBehaviourMessagesTriggers.cs", "C#", 0, 0, 0, 3715, 0, 0, 742, 4457
"d:\Projects\Unity\kpp\Assets\Plugins\UniTask\Runtime\UniTask.AsValueTask.cs", "C#", 0, 0, 0, 85, 0, 0, 20, 105
"d:\Projects\Unity\kpp\Assets\Plugins\UniTask\Runtime\UniTask.Bridge.cs", "C#", 0, 0, 0, 13, 0, 1, 5, 19
"d:\Projects\Unity\kpp\Assets\Plugins\UniTask\Runtime\UniTask.Delay.cs", "C#", 0, 0, 0, 921, 0, 30, 182, 1133
"d:\Projects\Unity\kpp\Assets\Plugins\UniTask\Runtime\UniTask.Factory.cs", "C#", 0, 0, 0, 509, 0, 81, 112, 702
"d:\Projects\Unity\kpp\Assets\Plugins\UniTask\Runtime\UniTask.Run.cs", "C#", 0, 0, 0, 233, 0, 8, 49, 290
"d:\Projects\Unity\kpp\Assets\Plugins\UniTask\Runtime\UniTask.Threading.cs", "C#", 0, 0, 0, 318, 0, 18, 77, 413
"d:\Projects\Unity\kpp\Assets\Plugins\UniTask\Runtime\UniTask.WaitUntil.cs", "C#", 0, 0, 0, 806, 0, 1, 150, 957
"d:\Projects\Unity\kpp\Assets\Plugins\UniTask\Runtime\UniTask.WhenAll.Generated.cs", "C#", 0, 0, 0, 4618, 0, 0, 393, 5011
"d:\Projects\Unity\kpp\Assets\Plugins\UniTask\Runtime\UniTask.WhenAll.cs", "C#", 0, 0, 0, 204, 0, 0, 34, 238
"d:\Projects\Unity\kpp\Assets\Plugins\UniTask\Runtime\UniTask.WhenAny.Generated.cs", "C#", 0, 0, 0, 4562, 0, 0, 498, 5060
"d:\Projects\Unity\kpp\Assets\Plugins\UniTask\Runtime\UniTask.WhenAny.cs", "C#", 0, 0, 0, 311, 0, 2, 47, 360
"d:\Projects\Unity\kpp\Assets\Plugins\UniTask\Runtime\UniTask.WhenEach.cs", "C#", 0, 0, 0, 154, 0, 2, 28, 184
"d:\Projects\Unity\kpp\Assets\Plugins\UniTask\Runtime\UniTask.asmdef", "JSON", 45, 0, 0, 0, 0, 0, 0, 45
"d:\Projects\Unity\kpp\Assets\Plugins\UniTask\Runtime\UniTask.cs", "C#", 0, 0, 0, 596, 0, 25, 91, 712
"d:\Projects\Unity\kpp\Assets\Plugins\UniTask\Runtime\UniTaskCompletionSource.cs", "C#", 0, 0, 0, 791, 0, 30, 123, 944
"d:\Projects\Unity\kpp\Assets\Plugins\UniTask\Runtime\UniTaskExtensions.Shorthand.cs", "C#", 0, 0, 0, 136, 0, 1, 50, 187
"d:\Projects\Unity\kpp\Assets\Plugins\UniTask\Runtime\UniTaskExtensions.cs", "C#", 0, 0, 0, 783, 0, 22, 119, 924
"d:\Projects\Unity\kpp\Assets\Plugins\UniTask\Runtime\UniTaskObservableExtensions.cs", "C#", 0, 0, 0, 628, 0, 5, 118, 751
"d:\Projects\Unity\kpp\Assets\Plugins\UniTask\Runtime\UniTaskScheduler.cs", "C#", 0, 0, 0, 77, 0, 14, 13, 104
"d:\Projects\Unity\kpp\Assets\Plugins\UniTask\Runtime\UniTaskSynchronizationContext.cs", "C#", 0, 0, 0, 133, 0, 3, 22, 158
"d:\Projects\Unity\kpp\Assets\Plugins\UniTask\Runtime\UniTaskVoid.cs", "C#", 0, 0, 0, 16, 0, 0, 4, 20
"d:\Projects\Unity\kpp\Assets\Plugins\UniTask\Runtime\UnityAsyncExtensions.AssetBundleRequestAllAssets.cs", "C#", 0, 0, 0, 212, 0, 1, 41, 254
"d:\Projects\Unity\kpp\Assets\Plugins\UniTask\Runtime\UnityAsyncExtensions.AsyncGPUReadback.cs", "C#", 0, 0, 0, 136, 0, 0, 28, 164
"d:\Projects\Unity\kpp\Assets\Plugins\UniTask\Runtime\UnityAsyncExtensions.AsyncInstantiate.cs", "C#", 0, 0, 0, 319, 0, 5, 62, 386
"d:\Projects\Unity\kpp\Assets\Plugins\UniTask\Runtime\UnityAsyncExtensions.Jobs.cs", "C#", 0, 0, 0, 79, 0, 3, 20, 102
"d:\Projects\Unity\kpp\Assets\Plugins\UniTask\Runtime\UnityAsyncExtensions.MonoBehaviour.cs", "C#", 0, 0, 0, 13, 0, 0, 1, 14
"d:\Projects\Unity\kpp\Assets\Plugins\UniTask\Runtime\UnityAsyncExtensions.cs", "C#", 0, 0, 0, 1018, 0, 6, 192, 1216
"d:\Projects\Unity\kpp\Assets\Plugins\UniTask\Runtime\UnityAsyncExtensions.uGUI.cs", "C#", 0, 0, 0, 705, 0, 2, 152, 859
"d:\Projects\Unity\kpp\Assets\Plugins\UniTask\Runtime\UnityAwaitableExtensions.cs", "C#", 0, 0, 0, 16, 0, 0, 2, 18
"d:\Projects\Unity\kpp\Assets\Plugins\UniTask\Runtime\UnityBindingExtensions.cs", "C#", 0, 0, 0, 211, 0, 4, 31, 246
"d:\Projects\Unity\kpp\Assets\Plugins\UniTask\Runtime\UnityWebRequestException.cs", "C#", 0, 0, 0, 61, 0, 0, 6, 67
"d:\Projects\Unity\kpp\Assets\Plugins\UniTask\Runtime\_InternalVisibleTo.cs", "C#", 0, 0, 0, 5, 0, 0, 1, 6
"d:\Projects\Unity\kpp\Assets\Plugins\UniTask\package.json", "JSON", 12, 0, 0, 0, 0, 0, 1, 13
"d:\Projects\Unity\kpp\Assets\Scripts\GameManager.cs", "C#", 0, 0, 0, 22, 0, 0, 5, 27
"d:\Projects\Unity\kpp\Assets\Scripts\Item\ConcreteItems\Flashlight.cs", "C#", 0, 0, 0, 47, 0, 0, 9, 56
"d:\Projects\Unity\kpp\Assets\Scripts\Item\ConcreteItems\WalkieTalkie\RadioNetwork.cs", "C#", 0, 0, 0, 38, 0, 0, 7, 45
"d:\Projects\Unity\kpp\Assets\Scripts\Item\ConcreteItems\WalkieTalkie\WalkieTalkie.cs", "C#", 0, 0, 0, 63, 0, 0, 12, 75
"d:\Projects\Unity\kpp\Assets\Scripts\Item\Interactable.cs", "C#", 0, 0, 0, 8, 0, 0, 1, 9
"d:\Projects\Unity\kpp\Assets\Scripts\Item\Interactor.cs", "C#", 0, 0, 0, 48, 0, 2, 7, 57
"d:\Projects\Unity\kpp\Assets\Scripts\Item\Inventory.cs", "C#", 0, 0, 0, 44, 0, 6, 11, 61
"d:\Projects\Unity\kpp\Assets\Scripts\Item\Item.cs", "C#", 0, 0, 0, 159, 0, 26, 43, 228
"d:\Projects\Unity\kpp\Assets\Scripts\Item\ItemLocationState.cs", "C#", 0, 0, 0, 33, 0, 0, 8, 41
"d:\Projects\Unity\kpp\Assets\Scripts\Item\ItemUser.cs", "C#", 0, 0, 0, 105, 0, 7, 29, 141
"d:\Projects\Unity\kpp\Assets\Scripts\MainMenu\MainMenuUI.cs", "C#", 0, 0, 0, 15, 0, 0, 4, 19
"d:\Projects\Unity\kpp\Assets\Scripts\Player\PlayerMovement.cs", "C#", 0, 0, 0, 110, 0, 3, 35, 148
"d:\Projects\Unity\kpp\Assets\Scripts\RootManager.cs", "C#", 0, 0, 0, 15, 0, 0, 3, 18
"d:\Projects\Unity\kpp\Assets\Scripts\SteamConnectionManager.cs", "C#", 0, 0, 0, 139, 0, 7, 27, 173
"d:\Projects\Unity\kpp\Assets\Scripts\UI\InteractionUI.cs", "C#", 0, 0, 0, 31, 0, 1, 5, 37
"d:\Projects\Unity\kpp\Assets\Scripts\VoiceChat\IVoiceEffect.cs", "C#", 0, 0, 0, 4, 0, 1, 0, 5
"d:\Projects\Unity\kpp\Assets\Scripts\VoiceChat\IVoiceInterfaces.cs", "C#", 0, 0, 0, 12, 0, 9, 3, 24
"d:\Projects\Unity\kpp\Assets\Scripts\VoiceChat\LocalVoiceCapture.cs", "C#", 0, 0, 0, 40, 0, 1, 9, 50
"d:\Projects\Unity\kpp\Assets\Scripts\VoiceChat\PlayerVoice.cs", "C#", 0, 0, 0, 67, 0, 4, 12, 83
"d:\Projects\Unity\kpp\Assets\Scripts\VoiceChat\VoiceCodecs.cs", "C#", 0, 0, 0, 66, 0, 7, 17, 90
"d:\Projects\Unity\kpp\Assets\Scripts\VoiceChat\VoiceDecoder.cs", "C#", 0, 0, 0, 31, 0, 11, 8, 50
"d:\Projects\Unity\kpp\Assets\Scripts\VoiceChat\VoiceEffects.cs", "C#", 0, 0, 0, 101, 0, 20, 27, 148
"d:\Projects\Unity\kpp\Assets\Scripts\VoiceChat\VoiceEndpoint.cs", "C#", 0, 0, 0, 154, 0, 19, 29, 202
"d:\Projects\Unity\kpp\Assets\Scripts\VoiceChat\VoiceRingBuffer.cs", "C#", 0, 0, 0, 88, 0, 8, 9, 105
"d:\Projects\Unity\kpp\Assets\Scripts\VoiceChat\VoiceSources.cs", "C#", 0, 0, 0, 109, 0, 12, 30, 151
"d:\Projects\Unity\kpp\Assets\TextMesh Pro\Shaders\SDFFunctions.hlsl", "UnityShader", 0, 0, 130, 0, 0, 18, 31, 179
"d:\Projects\Unity\kpp\Assets\TextMesh Pro\Shaders\TMP_Bitmap-Custom-Atlas.shader", "UnityShader", 0, 0, 113, 0, 0, 2, 31, 146
"d:\Projects\Unity\kpp\Assets\TextMesh Pro\Shaders\TMP_Bitmap-Mobile.shader", "UnityShader", 0, 0, 123, 0, 0, 3, 30, 156
"d:\Projects\Unity\kpp\Assets\TextMesh Pro\Shaders\TMP_Bitmap.shader", "UnityShader", 0, 0, 113, 0, 0, 2, 31, 146
"d:\Projects\Unity\kpp\Assets\TextMesh Pro\Shaders\TMP_SDF Overlay.shader", "UnityShader", 0, 0, 253, 0, 0, 4, 70, 327
"d:\Projects\Unity\kpp\Assets\TextMesh Pro\Shaders\TMP_SDF SSD.shader", "UnityShader", 0, 0, 253, 0, 0, 4, 65, 322
"d:\Projects\Unity\kpp\Assets\TextMesh Pro\Shaders\TMP_SDF-Mobile Masking.shader", "UnityShader", 0, 0, 198, 0, 0, 10, 51, 259
"d:\Projects\Unity\kpp\Assets\TextMesh Pro\Shaders\TMP_SDF-Mobile Overlay.shader", "UnityShader", 0, 0, 193, 0, 0, 8, 52, 253
"d:\Projects\Unity\kpp\Assets\TextMesh Pro\Shaders\TMP_SDF-Mobile SSD.shader", "UnityShader", 0, 0, 82, 0, 0, 4, 21, 107
"d:\Projects\Unity\kpp\Assets\TextMesh Pro\Shaders\TMP_SDF-Mobile-2-Pass.shader", "UnityShader", 0, 0, 290, 0, 0, 15, 85, 390
"d:\Projects\Unity\kpp\Assets\TextMesh Pro\Shaders\TMP_SDF-Mobile.shader", "UnityShader", 0, 0, 192, 0, 0, 8, 51, 251
"d:\Projects\Unity\kpp\Assets\TextMesh Pro\Shaders\TMP_SDF-Surface-Mobile.shader", "UnityShader", 0, 0, 104, 0, 0, 8, 28, 140
"d:\Projects\Unity\kpp\Assets\TextMesh Pro\Shaders\TMP_SDF-Surface.shader", "UnityShader", 0, 0, 123, 0, 0, 4, 33, 160
"d:\Projects\Unity\kpp\Assets\TextMesh Pro\Shaders\TMP_SDF.shader", "UnityShader", 0, 0, 253, 0, 0, 4, 70, 327
"d:\Projects\Unity\kpp\Assets\TextMesh Pro\Shaders\TMP_Sprite.shader", "UnityShader", 0, 0, 111, 0, 0, 0, 21, 132
"d:\Projects\Unity\kpp\Assets\TextMesh Pro\Shaders\TMPro.cginc", "UnityShader", 0, 0, 63, 0, 0, 2, 20, 85
"d:\Projects\Unity\kpp\Assets\TextMesh Pro\Shaders\TMPro_Mobile.cginc", "UnityShader", 0, 0, 129, 0, 0, 2, 35, 166
"d:\Projects\Unity\kpp\Assets\TextMesh Pro\Shaders\TMPro_Properties.cginc", "UnityShader", 0, 0, 62, 0, 0, 6, 13, 81
"d:\Projects\Unity\kpp\Assets\TextMesh Pro\Shaders\TMPro_Surface.cginc", "UnityShader", 0, 0, 75, 0, 0, 7, 18, 100
"d:\Projects\Unity\kpp\Packages\manifest.json", "JSON", 51, 0, 0, 0, 0, 0, 1, 52
"d:\Projects\Unity\kpp\Packages\packages-lock.json", "JSON", 507, 0, 0, 0, 0, 0, 1, 508
"d:\Projects\Unity\kpp\kpp.slnx", "XML", 0, 10, 0, 0, 0, 0, 1, 11
"Total", "-", 724, 12736, 2860, 62780, 17, 831, 11479, 91427